"sequence",0,1,2,3,4
"ABCDEFGHIJKLM",819141294.60402,760543309.443102,768562309.0676,751308648.361924,565482583.256731
"ABCDE",0,24837882034.8424,18057674163.491,48865876487.9947,27284340396.4229
"FGHIJKLM",0,35746926.3663144,200506865.840624,156332268.517916,135109719.872524
"FGHI",0,15846649.3284839,9457129.03488233,21181638.8346666,31924244.7741753
"JKLM",0,1315410.61255498,713261.520152447,2069670.89032181,1297700.25667272
