"sequence",0,1,2,3,4
"ABCDEFGHIJKLM",1329645593.90514,568892651.666362,739675212.686849,540034688.5801,657770688.171482
"ABCDE",0,19550437927.5625,35093569014.2052,26785506340.1762,39645400838.1994
"FGHIJKLM",0,50803398.6346583,175111773.541086,129201866.259695,171923799.737804
"FGHI",0,19107329.1597266,11876738.232878,18509229.8771212,27264645.4799232
"JKLM",0,1516140.01373127,528357.666760176,1486536.72037556,2002493.27216031
