"sequence",0,1,2,3,4
"ABCDEFGHIJKLM",957707814.037546,667923672.65818,708443560.478777,583433264.674484,595866213.287401
"BCDEFGHIJKLM",0,11017982507.9007,23445919239.8043,17943464692.4523,24054930628.215
"CDEFGHIJKLM",0,78780822.2186872,95858343.225741,109776164.612945,97446705.5030333
"DEFGHIJKLM",0,2051008.73597168,4154573.06877254,3917755.87933799,5854462.93908368
"EFGHIJKLM",0,61543.8852615179,241326.899572676,288915.74507079,442516.312112294
