"pmol","rep1","rep2"
0,8738783.03163,33850140.1962817
6.5,125855871751.115,126066103768.273
12.5,228222898282.954,252195890030.762
25,518494461424.112,513196824959.805
50,1029977038639.7,1004577689796.97
75,1323855190838.57,1263027816310.47
100,1654653991391.97,1751554906143.47
