"sequence",0,1,2,3,4
"ABCDEFGHIJKLM",1039479599.37841,767583534.613125,445122260.342802,781309553.513323,577744607.080534
"BCDEFGHIJKLM",0,9517944742.56169,14727672946.9299,14837983979.8048,16951130395.6594
"CDEFGHIJKLM",0,68867333.0735263,53196387.08569,104221859.395179,43924437.9600196
"DEFGHIJKLM",0,2440697.92744741,3980110.04521406,4240804.94109268,5082210.92993794
"EFGHIJKLM",0,99905.7955368122,236836.013256818,269650.335610024,652694.26679792
