"sequence",0,1,2,3,4
"ABCDEFGHIJKLM",1000000000,800000000,700000000,650000000,600000000
"ABCDE",0,20000000000,30000000000,35000000000,40000000000
"FGHIJKLM",0,400000000,2000000000,1500000000,1500000000
"FGHI",0,320000000,200000000,400000000,500000000
"JKLM",0,161616161.616162,101010101.010101,202020202.020202,252525252.525253
